onset	duration	stimulus
27.01	0.21	doeswood
27.22	0.03	here
27.38	0.13	invent
28.53	0.37	She
28.9	0.17	was
29.08	0.16	like
29.24	0.09	I
30.49	0.03	need
30.52	0.02	to
30.71	0.05	to
30.76	0.26	fold
31.02	0.07	it
31.09	0.08	her
31.17	0.11	up
31.28	0.08	and
31.36	0.11	put
31.47	0.08	her
31.6	0.13	my
31.73	0.35	pocket
32.08	0.09	She
32.17	0.15	looked
32.32	0.08	like
32.4	0.1	a
32.5	0.79	lowercase
33.32	0.27	eye
33.59	0.15	with
33.74	0.07	a
33.81	0.35	smiley
34.16	0.24	face
34.4	0.26	dot
35.86	0.18	For
36.04	0.03	a
36.07	0.41	head
36.66	0.2	which
36.86	0.2	made
37.06	0.15	me
37.21	0.22	feel
37.43	0.16	a
37.59	0.43	capital
38.02	0.23	O
38.25	0.43	standing
38.68	0.22	next
38.9	0.09	to
40.01	0.05	her
40.06	0.09	But
40.15	0.07	she
40.22	0.15	was
40.38	0.65	professional
41.12	0.15	So
41.27	0.09	the
41.36	0.2	first
41.56	0.13	thing
41.69	0.1	she
41.79	0.16	did
41.95	0.09	was
42.04	0.24	shake
42.28	0.13	my
42.41	0.31	hand
42.72	0.09	But
42.81	0.1	then
42.91	0.12	she
43.03	0.13	put
43.16	0.11	her
43.27	0.27	arm
43.54	0.35	through
43.91	0.45	mine
44.59	0.19	and
44.78	0.46	squeezed
45.24	0.1	it
45.36	0.07	a
45.43	0.2	little
45.63	0.21	bit
46.1	0.18	and
46.28	0.22	said
46.55	0.1	this
46.65	0.14	is
46.79	0.12	going
46.91	0.02	to
46.93	0.16	be
47.12	0.47	awesome
48.85	0.27	So
49.12	0.14	I'm
49.26	0.21	trying
49.47	0.16	to
49.64	0.33	think
49.98	0.12	you
50.1	0.12	know
50.22	0.11	am
50.33	0.07	I
50.4	0.12	going
50.52	0.06	to
50.58	0.19	do
50.77	0.2	this
50.97	0.16	with
51.13	0.05	a
51.19	0.39	knife
51.58	0.1	or
51.68	0.2	just
51.88	0.64	strangle
52.52	0.61	her
53.52	0.13	or
53.88	0.14	be
54.02	0.08	it
54.1	0.11	her
54.21	0.16	to
54.37	0.75	death
55.81	0.44	When
56.6	0.2	my
56.8	0.46	heart
57.42	0.47	starts
57.9	0.21	kind
58.11	0.15	of
58.26	0.63	slowing
58.94	0.58	down
59.78	0.8	and
60.58	0.12	what
60.7	0.05	I
60.75	0.18	just
60.93	0.23	did
61.16	0.25	sort
61.41	0.11	of
61.52	0.26	starts
61.78	0.43	sinking
62.21	0.16	in
62.59	0.1	I
62.69	0.25	just
62.94	0.15	like
63.09	0.23	fell
63.32	0.22	out
63.61	0.11	a
63.72	0.66	mile
64.41	0.13	out
64.54	0.14	of
64.68	0.07	the
64.75	0.39	sky
65.35	0.19	on
65.58	0.61	purpose
66.61	0.35	without
66.96	0.05	a
67.01	0.3	shoot
67.31	0.13	for
67.44	0.24	most
67.68	0.06	of
67.74	0.08	it
67.82	0.09	as
67.91	0.16	far
68.07	0.09	as
68.16	0.16	I'm
68.32	0.47	concerned
69.09	0.05	And
69.73	0.13	I
69.86	0.55	dropped
70.53	0.17	and
70.7	0.11	I
70.81	0.6	rolled
71.43	0.13	and
71.56	0.06	I
71.62	0.96	survived
73.25	0.19	Not
73.44	0.1	the
73.54	0.4	funniest
73.94	0.3	joke
74.31	0.16	I've
74.47	0.19	ever
74.66	0.33	heard
76.0	0.21	She
76.21	0.26	kicks
76.47	0.23	over
76.7	0.06	a
76.76	0.46	blue
77.23	0.51	plastic
77.76	0.26	milk
78.02	0.3	crate
78.34	0.03	and
78.37	0.01	a
78.67	0.16	bit
78.83	0.15	of
79.19	0.01	a
79.2	0.11	foot
79.31	0.42	tall
79.74	0.03	and
79.79	0.11	she
79.9	0.14	tells
80.04	0.07	me
80.31	0.13	to
80.44	0.29	hop
80.73	0.29	up
81.41	0.21	and
81.62	0.14	she
81.76	0.28	tells
82.04	0.23	me
82.51	0.14	to
82.65	0.26	jump
82.94	0.18	off
83.12	0.13	of
83.25	0.3	it
83.7	0.13	and
83.83	0.09	I
83.93	0.23	jump
84.17	0.18	off
84.35	0.13	of
84.48	0.17	it
84.82	0.14	and
84.96	0.1	my
85.06	0.27	feet
85.33	0.36	raise
85.69	0.19	these
85.9	0.18	two
86.08	0.2	little
86.29	0.16	kind
86.45	0.14	of
86.6	0.25	dust
86.88	0.48	clouds
87.36	0.21	like
87.57	0.29	Neil
87.86	0.79	Armstrong
89.17	0.46	And
89.66	0.18	she
89.84	0.15	gives
89.99	0.1	me
90.09	0.11	the
90.2	0.3	thumbs
90.5	0.23	up
90.76	0.24	like
91.0	0.14	I've
91.14	0.15	got
91.3	0.11	the
91.41	0.21	right
91.62	0.55	stuff
92.18	0.03	And
93.94	0.01	I
93.99	0.11	think
94.27	0.03	the
94.3	0.18	little
94.48	0.32	joke
94.81	0.14	that
94.95	0.12	she
95.07	0.23	told
95.3	0.13	me
95.43	0.42	earlier
95.85	0.16	how
96.01	0.18	it's
96.19	0.17	not
96.36	0.08	the
96.44	0.29	fall
96.73	0.15	that
96.88	0.22	gets
97.1	0.11	you
97.21	0.08	as
97.29	0.09	a
97.38	0.29	sudden
97.67	0.39	stop
98.08	0.11	And
98.19	0.09	I
98.29	0.1	think
98.4	0.13	you
98.53	0.22	know
99.14	0.27	maybe
99.41	0.19	she's
99.6	0.34	right
100.27	0.18	I'm
100.45	0.14	not
100.59	0.1	going
100.69	0.07	to
100.76	0.34	stop
101.12	0.22	That's
101.34	0.12	what
101.46	0.28	kills
101.74	0.23	you
102.76	0.17	And
102.93	0.26	so
103.19	0.28	I
103.55	0.46	lock
104.01	0.26	eyes
104.28	0.16	with
104.44	0.34	her
104.9	0.09	I
105.0	0.47	glare
105.47	0.17	at
105.64	0.41	her
106.22	0.13	and
106.35	0.08	I
106.43	0.24	hope
106.68	0.16	I'm
106.84	0.27	cute
107.16	0.15	when
107.31	0.11	I'm
107.42	0.63	angry
108.33	0.15	And
110.18	0.07	I
110.25	0.26	sign
110.51	0.28	up
110.94	0.13	for
111.07	0.24	another
111.31	0.37	lesson
114.36	0.16	And
114.52	0.06	I
114.58	0.32	drive
114.9	0.21	home
115.12	0.08	with
115.2	0.05	a
115.25	0.27	top
115.52	0.33	down
116.89	0.26	Thank
117.15	0.15	you
118.1	0.16	So
118.26	0.12	I'm
118.38	0.21	heading
118.59	0.09	for
118.68	0.07	the
118.75	0.25	power
119.0	0.35	lines
119.63	0.22	down
119.85	0.23	below
120.08	0.2	me
120.28	0.03	and
120.39	0.13	like
120.52	0.95	reflecting
121.48	0.12	you
121.6	0.15	know
121.75	0.18	just
121.93	0.53	reflexively
122.46	0.14	kind
122.6	0.05	of
122.68	0.39	squeezing
123.07	0.11	my
123.18	0.43	legs
123.87	0.37	together
124.24	0.1	so
124.34	0.12	that
124.46	0.05	I
124.51	0.22	won't
124.74	0.35	die
125.09	0.11	you
125.2	0.11	know
125.31	0.48	sliced
125.79	0.11	up
125.9	0.1	the
126.0	0.31	middle
127.05	0.09	I
127.14	0.08	hit
127.22	0.05	a
127.27	0.32	couple
127.59	0.15	of
128.04	0.67	flounder
129.15	0.38	fillets
130.54	0.24	and
130.78	0.16	I'm
130.94	0.22	just
131.16	0.22	like
131.39	0.75	bring
132.14	0.13	my
132.27	0.29	life
132.56	0.28	doesn't
132.84	0.33	flash
133.17	0.33	before
133.5	0.19	my
133.69	0.68	eyes
134.44	0.2	and
134.64	0.21	ruin
134.85	0.1	the
134.95	0.27	last
135.22	0.27	couple
135.49	0.02	of
135.52	0.39	minutes
135.91	0.1	I
147.61	0.31	sign
147.92	0.2	it
148.2	0.22	and
148.42	0.24	then
148.91	0.06	to
148.97	0.2	take
149.17	0.15	the
149.32	0.34	back
149.69	0.56	outside
150.25	0.13	and
150.38	0.25	while
150.63	0.18	the
150.82	0.49	pilot
151.34	0.23	and
151.58	0.08	I
151.66	0.13	don't
151.79	0.13	know
151.92	0.12	his
152.04	0.26	home
152.3	0.25	room
152.55	0.51	teacher
153.23	0.11	are
153.34	0.29	playing
153.64	0.37	hacky
154.02	0.39	sack
155.04	0.36	out
156.37	0.17	on
156.54	0.1	the
156.64	0.64	runway
159.66	0.28	she
159.95	0.3	says
160.25	0.12	we're
160.37	0.08	going
160.45	0.08	to
160.55	0.44	start
161.03	0.25	with
161.32	0.22	the
161.57	0.58	landing
162.15	0.26	because
162.41	0.25	that's
162.66	0.14	the
162.8	0.47	important
163.31	0.41	part
164.12	0.11	And
164.3	0.12	she
164.42	0.19	folks
164.61	0.12	me
164.74	0.1	the
164.84	0.46	ribs
165.52	0.21	and
165.73	0.15	she
165.88	0.39	says
166.27	0.1	you
166.37	0.14	know
166.52	0.07	it's
166.59	0.12	not
166.71	0.09	the
166.8	0.29	fall
167.1	0.14	that
167.24	0.26	gets
167.5	0.22	you
167.87	0.09	a
167.96	0.32	sudden
168.29	0.46	stop
168.76	0.16	and
168.92	0.14	she
169.06	0.38	giggles
169.44	0.25	because
169.69	0.16	it's
169.85	0.1	a
169.95	0.57	joke
170.97	0.17	So
171.7	0.21	5
172.33	0.55	000
172.89	0.33	feet
173.29	0.52	above
173.88	0.46	Albany
174.39	0.13	I'm
174.52	0.14	just
174.66	0.05	a
174.71	0.32	perfect
175.03	0.23	day
175.26	0.31	Beautiful
175.57	0.26	blue
175.83	0.35	sky
176.19	0.05	and
176.24	0.13	not
176.37	0.04	a
176.41	0.22	cloud
176.63	0.07	in
176.7	0.18	this
176.88	0.24	guy
177.12	0.06	I
177.18	0.17	can
177.35	0.33	see
177.89	0.13	the
178.02	0.61	horizon
178.64	0.13	in
178.77	0.22	every
178.99	0.56	direction
180.12	0.03	And
180.89	0.31	girl
181.2	0.11	that
181.31	0.17	just
181.49	0.2	pushed
181.71	0.15	me
181.86	0.07	out
181.93	0.09	of
182.02	0.13	the
182.15	0.58	airplane
182.74	0.52	screams
183.26	0.34	wait
183.6	0.28	wait
183.89	0.21	you're
184.1	0.57	shoot
194.79	0.16	And
194.95	0.15	she's
195.1	0.28	gone
195.39	0.14	with
195.53	0.05	the
195.58	0.3	plane
197.75	0.13	I
197.88	0.18	say
198.11	0.19	up
198.8	0.15	but
198.95	0.08	she
199.03	0.2	doesn't
199.23	0.21	hear
199.44	0.31	me
199.92	0.11	and
200.03	0.13	she
200.16	0.35	actually
200.52	0.35	says
200.92	0.77	Geronimo
201.72	0.11	and
201.83	0.12	she
201.95	0.15	gives
202.1	0.12	me
202.22	0.05	a
202.27	0.35	shove
202.64	0.14	and
202.78	0.14	I'm
202.92	0.29	gone
203.22	0.03	And
204.95	0.07	I
205.02	0.18	look
205.21	0.2	up
205.51	0.06	I
205.57	0.2	just
205.77	0.23	see
206.0	0.12	her
206.12	0.51	terrified
206.66	0.51	eyes
207.18	0.13	and
207.31	0.13	that's
207.44	0.13	when
207.57	0.08	I
207.65	0.18	hear
207.83	0.16	her
207.99	0.33	say
208.6	0.24	wait
208.84	0.16	you're
209.01	0.47	shoot
209.6	0.59	it's
212.14	0.21	And
212.35	0.34	really
212.7	0.17	like
212.88	0.11	the
212.99	0.72	pathetic
213.76	0.88	inadequacy
214.65	0.12	of
214.77	0.05	a
214.82	0.29	two
215.11	0.23	hour
215.35	0.84	skydiving
216.19	0.53	lesson
216.78	0.35	hits
217.13	0.44	home
217.94	0.09	right
218.03	0.25	then
220.79	0.08	I
220.87	0.19	mean
221.06	0.07	it
221.13	0.19	took
221.32	0.13	me
221.45	0.31	longer
221.76	0.14	than
221.9	0.19	that
222.09	0.1	to
222.19	0.24	learn
222.43	0.13	how
222.56	0.08	to
222.64	0.38	knit
226.44	0.21	And
226.65	0.15	so
226.8	0.19	I'm
226.99	0.2	like
227.44	0.56	staring
228.0	0.28	at
228.28	0.15	her
228.43	0.33	trying
228.76	0.11	to
228.88	0.25	think
229.13	0.15	of
229.28	0.35	some
229.63	0.63	language
230.28	0.22	this
230.5	0.38	chick
230.88	0.29	might
231.17	0.09	you
231.26	0.13	know
231.39	0.85	understand
233.64	0.12	You
233.76	0.33	know
234.17	0.13	you
234.3	0.13	have
234.43	0.14	any
234.57	0.2	idea
234.77	0.37	how
235.15	0.62	dangerous
235.77	0.12	how
235.89	0.62	terrifying
236.51	0.13	how
236.64	0.55	illegal
237.19	0.22	that
237.41	0.51	probably
237.92	0.71	was
239.47	0.33	And
239.8	0.13	she
239.93	0.16	says
240.12	0.26	wait
240.38	0.18	wait
240.88	0.19	you
241.07	0.27	did
241.34	0.16	it
241.5	0.43	right
242.41	0.31	Before
242.72	0.14	it's
242.86	0.24	too
243.1	0.5	late
247.48	0.18	By
247.66	0.3	which
247.97	0.21	she
248.18	0.3	meant
248.53	0.2	at
248.73	0.24	your
248.97	0.82	age
250.93	0.24	So
251.17	0.25	between
251.42	0.09	the
251.51	0.65	altitude
252.17	0.05	and
252.29	0.12	like
252.41	0.1	the
252.51	0.58	pillotalk
253.5	0.2	I
253.7	0.18	am
253.88	0.21	in
254.11	0.88	basically
255.65	0.38	in
256.05	0.11	a
256.16	0.28	love
256.44	0.42	sick
256.94	0.15	you
257.09	0.16	know
257.25	0.78	trance
258.07	0.14	and
258.21	0.14	I'll
258.35	0.26	do
258.61	0.62	anything
259.28	0.17	for
259.45	0.33	her
259.78	0.08	I
259.86	0.2	will
260.06	0.39	shoot
260.48	0.51	myself
261.0	0.09	if
261.09	0.06	I
261.18	0.18	think
261.36	0.09	it
261.45	0.2	makes
261.65	0.13	me
261.78	0.17	look
261.96	0.57	brave
263.56	0.13	for
263.69	0.4	her
264.89	0.42	But
265.87	0.16	when
266.03	0.06	I
266.1	0.26	hop
266.36	0.32	out
266.71	0.75	onto
267.46	0.11	the
267.57	0.21	wing
267.78	0.08	and
267.86	0.08	I
267.94	0.18	look
268.12	0.2	down
268.32	0.13	and
268.63	0.15	like
268.81	0.11	you
268.92	0.09	know
269.01	0.49	pointy
269.51	0.65	steeples
270.16	0.23	and
270.41	0.41	pine
270.82	0.52	trees
271.63	0.13	I
271.76	0.18	get
271.94	0.01	a
271.95	0.16	little
272.11	0.29	cold
272.4	0.29	feet
272.69	0.01	I
272.7	0.1	have
272.8	0.12	some
272.92	0.33	second
273.28	0.31	thoughts
273.59	0.13	in
273.72	0.13	which
273.85	0.11	she
274.84	0.03	goes
274.88	0.67	go
276.11	0.09	What
276.2	0.32	happened
276.52	0.17	was
276.69	0.06	I
276.75	0.08	was
276.83	0.09	in
276.92	0.12	my
277.04	0.3	40s
277.35	0.53	suddenly
278.12	0.71	surprisingly
279.38	0.39	And
280.48	0.34	I
281.96	0.18	didn't
282.14	0.13	want
282.27	0.02	to
282.29	0.11	be
282.4	0.1	one
282.5	0.09	of
282.59	0.14	those
282.73	0.17	kind
282.9	0.2	of
283.48	0.37	midlife
283.85	0.37	crisis
284.22	0.27	guys
284.49	0.1	who
284.59	0.25	runs
284.84	0.15	out
284.99	0.09	and
285.08	0.15	gets
285.23	0.06	a
285.29	0.68	convertible
286.81	0.55	besides
287.37	0.15	who
287.52	0.2	needs
287.72	0.15	two
287.87	0.83	convertibles
290.5	0.29	And
293.47	0.01	I
293.56	0.16	you
293.72	0.29	know
294.02	0.06	I
294.08	0.1	had
294.18	0.22	already
294.4	0.17	gotten
294.57	0.41	divorced
294.98	0.1	so
295.08	0.13	that
295.21	0.15	was
295.36	0.2	already
295.56	0.38	checked
295.94	0.36	off
297.35	0.09	For
297.44	0.06	the
297.5	0.18	next
297.7	0.19	two
297.89	0.51	hours
298.66	0.13	we
298.79	0.17	kind
298.96	0.08	of
299.06	0.58	gradually
299.64	0.6	raise
300.25	0.15	the
300.41	0.46	diving
300.87	0.76	platform
302.03	0.1	the
302.13	0.41	practice
302.55	0.55	platform
303.1	0.12	from
303.22	0.17	this
303.39	0.22	milk
303.61	0.26	crate
303.88	0.12	to
304.0	0.07	a
304.07	0.34	kitchen
304.41	0.31	chair
304.72	0.12	to
304.84	0.05	an
304.89	0.46	aluminum
305.98	0.36	kitchen
306.35	0.02	dinette
307.52	0.52	table
308.07	0.22	to
308.29	0.1	a
308.39	0.36	painter's
308.77	0.39	ladder
309.31	0.08	to
309.39	0.64	000
310.03	0.22	feet
310.25	0.29	above
310.54	0.22	sea
310.76	0.35	level
312.42	0.13	She
312.55	0.63	says
313.22	0.16	if
313.38	0.16	you
313.54	0.16	know
313.7	0.23	getting
313.93	0.3	cold
314.23	0.36	feet
314.61	0.12	you
314.73	0.42	know
315.58	0.02	you
315.6	0.15	need
315.75	0.02	a
315.77	0.16	little
315.94	0.37	help
316.36	0.17	don't
316.54	0.09	be
316.63	0.82	embarrassed
317.51	0.42	Everybody
318.18	0.22	gets
318.4	0.17	like
318.57	0.31	that
319.52	0.1	I'll
319.62	0.22	just
319.84	0.14	give
319.98	0.16	you
320.14	0.06	a
320.2	0.27	little
320.48	0.43	shove
323.54	0.15	And
323.69	0.09	then
323.78	0.15	she
323.93	0.45	says
324.47	0.23	don't
324.7	0.36	worry
325.12	0.17	I'll
325.3	0.14	be
325.44	0.59	gentle
327.52	0.23	And
327.75	0.28	then
328.04	0.26	she
328.3	0.28	says
328.58	0.09	we're
328.67	0.09	going
328.76	0.06	to
328.82	0.17	do
328.99	0.15	it
329.21	0.19	I'm
329.41	0.05	going
329.46	0.03	to
329.49	0.17	teach
329.66	0.05	you
329.71	0.08	how
329.79	0.08	to
329.87	0.19	do
330.06	0.19	a
330.26	0.25	drop
330.51	0.11	in
330.62	0.44	roll
331.5	0.17	which
331.67	0.17	is
331.88	0.33	maneuver
332.21	0.11	you
332.32	0.15	do
332.47	0.12	when
332.59	0.11	you
332.7	0.53	land
333.24	0.17	It's
333.41	0.08	where
333.49	0.28	you
333.81	0.53	basically
334.34	0.08	is
334.42	0.11	what
334.53	0.06	it
334.59	0.24	sounds
334.83	0.14	like
334.97	0.08	You
335.05	0.29	drop
335.34	0.11	and
335.45	0.13	you're
335.58	0.23	all
335.82	0.02	the
335.84	0.16	same
336.0	0.12	thing
336.12	0.13	you
336.25	0.11	do
336.36	0.08	if
336.44	0.12	you're
336.56	0.16	on
336.73	0.55	fire
338.03	0.16	And
338.19	0.4	she
339.09	0.63	demonstrates
339.72	0.16	it
340.37	0.3	for
340.67	0.14	me
340.81	0.19	like
341.0	0.06	a
341.06	0.09	you
341.15	0.14	know
341.3	0.47	remaining
341.77	0.61	gymnast
342.83	0.27	And
343.11	0.16	she
343.27	0.37	says
343.65	0.1	you
343.75	0.13	know
343.88	0.25	okay
344.13	0.2	you
344.33	0.25	try
344.58	0.12	it
344.7	0.31	now
345.04	0.27	And
345.83	0.23	helps
346.06	0.09	me
346.15	0.19	back
346.35	0.1	up
346.45	0.12	into
346.57	0.07	the
346.64	0.23	box
346.87	0.13	She
347.0	0.23	says
347.24	0.17	just
347.41	0.25	hop
347.66	0.11	on
347.77	0.11	the
347.88	0.28	bus
348.16	0.52	Gus
349.48	0.14	When
349.62	0.06	I
349.68	0.1	get
349.8	0.56	down
350.45	0.15	and
350.6	0.06	I
350.66	0.26	drag
350.92	0.15	all
351.07	0.05	my
351.54	0.48	gear
352.02	0.13	you
352.61	0.03	and
352.65	0.1	the
352.75	0.34	straps
353.09	0.07	and
353.16	0.07	the
353.23	0.28	shoes
353.51	0.08	you
353.59	0.1	know
353.69	0.18	through
354.29	0.18	the
354.48	0.27	the
354.79	0.38	onion
355.17	0.59	field
355.83	0.27	back
356.1	0.17	over
356.27	0.11	to
356.38	0.13	the
356.51	0.59	office
357.92	0.29	Annette
358.24	0.13	is
358.37	0.18	already
358.55	0.16	there
358.71	0.27	waiting
358.98	0.18	for
359.16	0.1	me
359.26	0.13	She's
359.39	0.22	holding
359.61	0.12	this
359.74	0.35	plastic
360.1	0.16	cup
360.26	0.08	of
360.34	0.08	the
360.43	0.62	complimentary
361.05	0.45	sparkling
361.51	0.35	wine
361.86	0.1	they
361.96	0.29	talked
362.25	0.33	about
363.16	0.38	And
363.81	0.19	for
364.0	0.41	sure
364.41	0.18	and
364.59	0.24	she's
364.83	0.21	just
365.21	0.76	beaming
365.98	0.02	up
367.06	0.1	in
367.34	0.11	the
367.45	0.51	plane
368.23	0.15	She
368.38	0.22	shows
368.6	0.09	me
368.69	0.14	this
368.83	0.29	canvas
369.13	0.35	strap
369.49	0.13	which
369.62	0.12	is
369.74	0.18	called
369.92	0.07	the
370.0	0.51	static
370.51	0.29	line
370.87	0.33	attached
371.2	0.07	to
371.27	0.1	the
371.37	0.3	plane
371.68	0.12	and
371.8	0.09	it's
371.89	0.31	attached
372.2	0.06	to
372.26	0.13	my
372.39	0.4	shoot
373.42	0.11	It
373.53	0.17	will
373.7	0.24	open
373.94	0.1	my
374.04	0.2	shoot
374.24	0.78	automatically
375.07	0.18	when
375.25	0.05	it
375.3	0.21	jump
375.51	0.21	out
375.72	0.14	So
375.86	0.07	I
375.93	0.17	won't
376.1	0.1	have
376.2	0.1	to
376.3	0.23	worry
376.53	0.22	about
376.75	0.4	anything
377.6	0.03	And
378.41	0.13	she
378.54	0.27	tugs
378.81	0.11	on
378.93	0.08	it
379.01	0.03	a
379.04	0.18	couple
379.22	0.07	of
379.29	0.28	times
379.57	0.09	to
379.66	0.52	demonstrate
380.19	0.14	that
380.33	0.08	it
380.41	0.07	can
380.49	0.55	withstand
381.05	0.11	the
381.16	0.27	full
381.43	0.19	upper
381.62	0.28	body
381.9	0.35	strength
382.25	0.08	of
382.33	0.04	a
382.37	0.54	teenage
383.11	0.48	girl
384.86	0.15	And
385.01	0.09	then
385.1	0.14	she
385.24	0.19	led
385.43	0.11	me
385.54	0.14	into
385.68	0.13	the
385.82	0.38	office
386.2	0.19	which
386.39	0.22	looked
386.61	0.1	like
386.71	0.06	I
386.77	0.13	had
386.9	0.15	been
387.05	0.16	kind
387.21	0.28	of
387.53	0.64	delivered
388.2	0.34	on
388.54	0.07	the
388.62	0.17	back
388.79	0.09	of
388.88	0.07	a
388.95	0.44	flatbed
389.39	0.39	truck
390.02	0.37	And
390.87	0.18	like
391.05	0.11	they
391.16	0.28	dropped
391.44	0.07	it
391.51	0.11	on
391.62	0.15	his
391.77	0.37	corner
392.14	0.15	when
392.29	0.08	they
392.37	0.48	unloaded
392.85	0.18	it
393.6	0.27	inside
394.14	0.15	the
394.29	0.39	office
394.7	0.23	And
394.93	0.1	the
395.03	0.2	first
395.23	0.14	thing
395.37	0.13	she
395.5	0.27	says
395.77	0.22	is
396.05	0.14	that
396.19	0.03	I
396.22	0.16	have
396.38	0.26	pretty
396.64	0.48	eyes
398.63	0.18	And
398.81	0.1	then
398.91	0.15	she
399.06	0.22	hands
399.28	0.09	me
399.37	0.09	the
399.46	0.69	liability
400.15	0.43	waiver
407.0	0.22	And
407.22	0.31	then
407.58	0.15	she
407.73	0.23	puts
407.96	0.2	one
408.16	0.33	hand
408.49	0.13	on
408.62	0.21	either
408.83	0.09	of
408.92	0.11	my
409.03	0.61	cheeks
409.82	0.24	leans
410.06	0.13	in
410.19	0.38	close
410.61	0.38	stares
410.99	0.2	in
411.19	0.33	through
411.52	0.11	you
411.63	0.14	know
411.77	0.32	through
412.09	0.13	the
412.22	0.46	fog
412.68	0.1	and
412.78	0.16	my
412.94	0.31	orange
413.28	0.5	goggles
414.25	0.14	that
414.39	0.15	I'm
414.61	0.55	wearing
415.24	0.19	and
415.43	0.19	says
415.62	0.28	listen
415.9	0.14	when
416.04	0.11	I
416.16	0.36	say
416.53	0.5	go
417.05	0.16	you
417.21	0.2	just
417.41	0.31	go
417.73	0.27	don't
418.01	0.46	think
419.12	0.36	And
419.48	0.47	she
419.97	0.27	just
420.33	0.83	giggles
421.17	1.02	adorably
422.62	0.32	and
422.94	0.3	helps
423.24	0.17	me
423.42	0.44	up
423.93	0.22	And
424.15	0.1	as
424.25	0.19	she's
424.44	0.23	picking
424.67	0.09	the
424.76	0.43	gravel
425.21	0.11	out
425.32	0.15	of
425.47	0.07	the
425.54	0.41	palms
425.95	0.06	of
426.04	0.21	my
426.25	0.71	hands
427.26	0.16	she
427.42	0.27	says
427.76	0.25	that's
428.02	0.2	pretty
428.22	0.22	much
428.44	0.12	all
428.56	0.14	there
428.7	0.16	is
428.9	0.17	to
429.07	0.35	it
430.84	0.2	Which
431.04	0.05	would
431.1	0.11	be
431.21	0.36	true
431.59	0.15	if
431.74	0.08	you
431.82	0.09	were
431.91	0.32	teaching
432.23	0.09	me
432.32	0.12	to
432.44	0.28	jump
432.72	0.17	off
432.89	0.07	a
432.97	0.25	milk
433.23	0.46	crate
435.88	0.13	I
436.01	0.12	could
436.13	0.13	have
436.26	0.23	gotten
436.49	0.1	my
436.59	0.48	diploma
437.07	0.13	and
437.2	0.15	just
437.35	0.22	gone
437.57	0.33	home
438.43	0.24	When
438.67	0.56	suddenly
439.26	0.16	I
439.42	0.4	feel
439.82	0.12	a
440.0	0.46	jolt
440.52	0.15	and
440.67	0.17	I'm
440.87	0.48	yanked
441.35	0.83	around
442.31	0.41	and
442.73	0.21	this
442.94	0.59	big
443.57	0.39	white
444.06	0.76	fluffy
444.82	0.49	beautiful
445.31	0.68	canopy
446.15	0.5	opens
446.7	0.31	above
447.01	0.24	me
447.59	0.16	And
447.75	0.17	I'm
447.92	0.65	floating
448.58	0.11	to
448.69	0.32	earth
449.06	0.25	in
449.32	0.28	dead
449.6	0.52	silence
450.13	0.02	It
450.18	0.2	is
450.38	0.34	really
450.72	0.54	quiet
451.67	0.17	So
451.84	0.09	I
451.93	0.23	can
452.17	0.65	really
452.82	0.3	hear
453.12	0.17	my
453.29	0.34	heart
454.25	0.26	pounding
456.82	0.17	It
456.99	0.36	was
457.46	0.13	an
457.59	0.59	extremely
458.18	0.71	Darwinian
458.9	0.46	moment
459.37	0.28	for
459.65	0.24	me
460.46	0.09	because
460.55	0.1	what
460.65	0.04	I
460.7	0.12	should
460.82	0.11	have
460.93	0.16	done
461.09	0.15	was
461.68	0.79	drive
462.47	0.47	away
462.94	0.13	and
463.07	0.13	do
463.2	0.29	something
463.49	0.18	else
463.67	0.16	more
463.83	0.17	well
464.0	0.48	adapted
464.48	0.06	to
464.54	0.38	doing
464.92	0.19	like
465.35	0.53	driving
466.47	0.35	But
466.98	0.48	I
468.96	0.5	signed
469.46	0.19	it
469.67	0.63	because
470.52	0.24	she
470.76	0.22	told
470.98	0.11	me
471.09	0.01	I
471.11	0.17	had
471.28	0.27	pretty
471.55	0.4	eyes
472.74	0.16	But
472.9	0.04	I
472.94	0.3	wanted
473.24	0.09	her
473.33	0.09	to
473.42	0.15	know
473.57	0.11	that
473.68	0.05	I
473.73	0.14	was
473.87	0.25	more
474.12	0.15	than
474.27	0.15	just
474.42	0.03	a
474.45	0.16	pair
474.61	0.05	of
474.71	0.19	pretty
474.9	0.56	eyes
475.88	0.17	that
476.05	0.07	I
476.42	0.28	had
476.71	0.14	the
476.85	0.27	right
477.13	0.53	stuff
477.67	0.03	And
479.0	0.05	I
479.05	0.23	walk
479.29	0.12	up
479.41	0.11	to
479.52	0.19	her
479.8	0.07	I
479.87	0.19	say
480.17	0.31	what
480.5	0.21	the
480.72	0.85	fuck
483.79	0.12	You
483.91	0.18	know
484.13	0.23	was
484.39	0.67	that
486.62	0.18	And
486.8	0.17	she
486.98	0.6	giggles
487.97	0.42	and
488.41	0.16	she
488.57	0.21	says
489.08	0.13	you
489.21	0.3	know
489.56	0.17	you
489.73	0.26	seem
489.99	0.14	like
490.13	0.06	a
490.19	0.32	cool
490.51	0.51	guy
491.81	0.49	So
492.32	0.09	I
492.41	0.26	wanted
492.67	0.02	her
492.69	0.17	to
492.86	0.13	have
492.99	0.07	a
493.06	0.27	really
493.39	0.54	awesome
493.93	0.5	jump
495.91	0.35	So
496.26	0.17	the
496.43	0.57	little
497.3	0.56	parachute
497.87	0.81	malfunction
498.69	0.47	thing
499.24	0.18	was
499.42	0.12	to
499.54	0.35	spike
499.89	0.13	your
500.02	0.56	adrenaline
500.59	0.1	in
500.69	0.09	the
500.78	0.33	last
501.11	0.37	minute
505.41	0.33	That's
505.74	0.18	what
505.92	0.15	I
506.09	0.4	said
509.07	0.1	I
509.17	0.15	don't
509.32	0.24	think
509.57	0.26	the
509.86	0.34	sentence
510.23	0.33	ends
510.78	0.41	functioning
511.19	0.52	properly
511.72	0.15	Have
511.87	0.05	a
511.92	0.23	great
512.15	0.25	jump
514.14	0.05	I
514.2	0.17	think
514.37	0.09	it
514.46	0.34	ends
514.82	0.49	worse
515.42	0.01	I
516.09	0.03	don't
516.29	0.12	know
516.41	0.06	a
516.47	0.16	lot
516.63	0.18	about
516.81	0.6	skydiving
517.72	0.38	But
518.49	0.07	I
518.56	0.16	would
518.73	0.44	think
519.18	0.3	that
519.95	0.39	a
520.35	0.4	working
520.75	0.29	shoot
521.04	0.28	lends
521.32	0.12	to
522.38	0.01	a
522.39	0.2	better
522.59	0.43	jump
523.15	0.58	especially
523.93	0.23	towards
524.16	0.15	the
524.31	0.46	end
528.13	0.59	And
528.79	0.13	I
528.92	0.26	think
529.18	0.34	nice
529.52	0.14	we
529.66	0.16	have
529.82	0.35	something
530.17	0.13	in
530.3	0.5	common
532.15	0.15	Her
532.3	0.49	parents
532.79	0.06	or
532.85	0.16	her
533.01	0.73	grandparents
533.74	0.18	were
533.92	0.52	fans
534.46	0.3	of
535.05	0.41	Paul
535.6	0.61	Simon
539.0	0.71	So
539.75	0.43	I
540.89	0.1	get
540.99	0.07	up
541.06	0.09	on
541.15	0.07	the
541.22	0.64	box
542.79	0.25	hold
543.04	0.11	on
543.15	0.1	to
543.25	0.06	her
543.31	0.36	shoulder
543.67	0.09	to
543.76	0.3	steady
544.06	0.41	myself
544.48	0.17	and
544.65	0.22	because
544.87	0.07	I
544.94	0.14	just
545.08	0.15	wanted
545.23	0.06	to
545.29	0.15	hold
545.44	0.08	on
545.52	0.05	to
545.57	0.07	her
545.64	0.43	shoulder
546.39	0.51	And
547.32	0.11	I
547.43	0.41	say
547.89	0.14	I
548.03	0.12	am
548.15	0.06	a
548.21	0.37	rock
548.65	0.16	and
548.81	0.07	I
548.88	0.35	drop
549.24	0.23	like
549.47	0.07	a
549.54	0.38	star
549.92	0.02	So
554.05	0.07	I
554.12	0.19	needed
554.32	0.09	to
554.41	0.17	do
554.58	0.49	something
555.07	0.1	So
555.17	0.05	I
555.22	0.2	went
555.42	0.08	to
555.5	0.18	like
555.68	0.43	cliche
556.11	0.26	number
556.37	0.43	three
557.13	0.18	and
557.31	0.06	I
557.37	0.38	drive
557.77	0.52	upstate
558.3	0.14	to
558.44	0.36	this
559.01	0.69	skydiving
559.7	0.65	academy
561.83	0.22	near
562.05	0.5	Albany
562.57	0.13	for
562.7	0.16	my
562.86	0.47	meeting
563.37	0.4	with
564.94	0.61	Annette
565.63	0.38	the
566.03	0.6	school's
566.86	0.21	bear
567.07	0.32	belly
567.44	0.31	khaki
567.75	0.37	shorted
568.13	0.12	you
568.25	0.13	know
568.38	0.3	tan
568.69	0.44	shouldered
569.36	0.61	senior
570.16	0.52	instructors
570.69	0.07	She
570.76	0.09	was
570.85	0.27	19
571.12	0.26	years
571.38	0.24	old
